Order_ID,Order_Date,Order_Year,Order_Quarter,Order_Month,Order_YearMonth,Region,State,City,Country,Category,Sub_Category,Product_Name,Quantity,Unit_Price,Revenue,Profit,Margin,Product_Revenue_Rank,City_Revenue_Rank,Region_Revenue_Rank
119738,15/10/2024,2024,2024Q4,10,2024-10,West,Oregon,Salem,United States,Accessories,Wearable Accessories,Watch Strap,1,142.68,142.68,57.6,0.403700589,192281.5,129446,84748.5
72273,13/5/2023,2023,2023Q2,5,2023-05,East,Connecticut,Hartford,United States,Home & Furniture,Furniture,IKEA Sofa,2,760.04,1520.08,192.14,0.126401242,53722,30307.5,28517.5
158155,12/1/2024,2024,2024Q1,1,2024-01,West,California,Los Angeles,United States,Accessories,Bags,Backpack,3,176.45,529.35,216.28,0.408576556,172223,91685.5,84748.5
65427,8/11/2023,2023,2023Q4,11,2023-11,East,Delaware,Dover,United States,Electronics,Laptops,MacBook Air,6,500.13,3000.78,355.51,0.11847253,16143.5,41726,28517.5
30075,12/1/2024,2024,2024Q1,1,2024-01,South,Georgia,Savannah,United States,Accessories,Wearable Accessories,Watch Strap,2,160.84,321.68,105.23,0.327126337,192281.5,196303.5,181033
23678,11/1/2023,2023,2023Q1,1,2023-01,Centre,Kansas,Topeka,United States,Clothing & Apparel,Men's Wear,Under Armour T-Shirt,3,381.24,1143.72,418.42,0.36584129,144179,72032,137264
134859,7/9/2024,2024,2024Q3,9,2024-09,Centre,North Dakota,Fargo,United States,Electronics,Tablets,iPad Pro,1,782.51,782.51,108.14,0.138196317,30384,58037.5,137264
176419,20/11/2024,2024,2024Q4,11,2024-11,West,Wyoming,Casper,United States,Electronics,TVs & Audio,Sony Bravia TV,1,839.01,839.01,103.98,0.123931777,75436,149083,84748.5
132468,13/8/2023,2023,2023Q3,8,2023-08,South,Florida,Jacksonville,United States,Clothing & Apparel,Kids Wear,Carter's Onesie,1,259.11,259.11,110.21,0.425340589,90337,185665.5,181033
4083,29/7/2024,2024,2024Q3,7,2024-07,East,Delaware,Dover,United States,Home & Furniture,Home Decor,Vase,1,559.85,559.85,152,0.271501295,140752.5,41726,28517.5
74457,3/4/2023,2023,2023Q2,4,2023-04,East,New Jersey,Newark,United States,Clothing & Apparel,Men's Wear,Under Armour T-Shirt,2,378.64,757.28,223.17,0.294699451,144179,24566,28517.5
142134,11/11/2023,2023,2023Q4,11,2023-11,Centre,South Dakota,Rapid City,United States,Clothing & Apparel,Women's Wear,Zara Blouse,1,75.56,75.56,17.03,0.225383801,110934.5,139167.5,137264
186434,18/6/2023,2023,2023Q2,6,2023-06,South,South Carolina,Columbia,United States,Accessories,Small Electronics,Phone Case,1,154.25,154.25,64.78,0.419967585,158639.5,170400.5,181033
84661,16/2/2024,2024,2024Q1,2,2024-02,West,Idaho,Boise,United States,Accessories,Wearable Accessories,Sunglasses,2,235.94,471.88,159.2,0.337373909,167173.5,125491,84748.5
117168,7/12/2023,2023,2023Q4,12,2023-12,South,Florida,Tampa,United States,Clothing & Apparel,Footwear,Crocs,1,55.92,55.92,19.69,0.352110157,152219,188863,181033
110853,7/11/2023,2023,2023Q4,11,2023-11,East,New Jersey,Newark,United States,Electronics,Home Appliances,Instant Pot,4,485.08,1940.32,287.26,0.148047745,9852,24566,28517.5
105001,23/10/2024,2024,2024Q4,10,2024-10,East,Maryland,Baltimore,United States,Electronics,Home Appliances,Instant Pot,2,693.4,1386.8,232.79,0.167861263,9852,47295,28517.5
181464,1/12/2023,2023,2023Q4,12,2023-12,South,Kentucky,Lexington,United States,Home & Furniture,Bedding,Tempur-Pedic Mattress,1,613.16,613.16,83.28,0.135820993,2762,174826.5,181033
9448,9/3/2024,2024,2024Q1,3,2024-03,West,Arizona,Tucson,United States,Electronics,TVs & Audio,LG OLED TV,1,559.59,559.59,111.67,0.199556818,95213,141117,84748.5
178532,17/6/2023,2023,2023Q2,6,2023-06,Centre,Missouri,St. Louis,United States,Clothing & Apparel,Footwear,Nike Running Shoes,3,309.05,927.15,414.19,0.446734617,102666.5,103790,137264
168259,20/12/2024,2024,2024Q4,12,2024-12,South,Florida,Tallahassee,United States,Home & Furniture,Home Decor,Throw Pillows,1,329,329,44.01,0.133768997,57366,177045.5,181033
30069,20/11/2024,2024,2024Q4,11,2024-11,South,Georgia,Savannah,United States,Home & Furniture,Kitchenware,Cookware Set,1,451.49,451.49,133.64,0.295997697,135947.5,196303.5,181033
28456,8/10/2024,2024,2024Q4,10,2024-10,Centre,Wisconsin,Madison,United States,Home & Furniture,Kitchenware,Cookware Set,1,267.3,267.3,79.33,0.296782641,135947.5,127468,137264
156519,30/8/2024,2024,2024Q3,8,2024-08,East,New Jersey,Newark,United States,Home & Furniture,Kitchenware,Cookware Set,1,317,317,67.02,0.211419558,135947.5,24566,28517.5
7817,16/4/2023,2023,2023Q2,4,2023-04,West,New Mexico,Santa Fe,United States,Clothing & Apparel,Sportswear,Adidas Tracksuit,2,337.65,675.3,273.32,0.404738635,119089.5,161071.5,84748.5
5255,18/7/2023,2023,2023Q3,7,2023-07,West,Arizona,Phoenix,United States,Clothing & Apparel,Sportswear,Adidas Tracksuit,1,243.84,243.84,78.08,0.320209974,119089.5,151096.5,84748.5
9849,22/11/2024,2024,2024Q4,11,2024-11,South,Kentucky,Lexington,United States,Home & Furniture,Storage,Storage Rack,1,575.34,575.34,109.63,0.190548198,41324,174826.5,181033
130691,12/6/2023,2023,2023Q2,6,2023-06,West,Montana,Billings,United States,Clothing & Apparel,Men's Wear,Levi's Jeans,1,143.87,143.87,48.96,0.340307222,126779,68055,84748.5
191767,20/10/2023,2023,2023Q4,10,2023-10,West,California,San Francisco,United States,Clothing & Apparel,Men's Wear,GAP Hoodie,1,305.07,305.07,90.72,0.297374373,162784,107867.5,84748.5
48711,26/11/2024,2024,2024Q4,11,2024-11,Centre,Kansas,Wichita,United States,Electronics,Laptops,MacBook Air,3,497.92,1493.76,261.57,0.175108451,16143.5,63929,137264
132177,30/5/2024,2024,2024Q2,5,2024-05,Centre,Missouri,St. Louis,United States,Home & Furniture,Home Decor,Vase,1,886.21,886.21,275.37,0.310727706,140752.5,103790,137264
6604,26/10/2024,2024,2024Q4,10,2024-10,East,New York,New York City,United States,Clothing & Apparel,Men's Wear,Levi's Jeans,1,370.81,370.81,149.94,0.404358027,126779,36092,28517.5
22726,8/11/2024,2024,2024Q4,11,2024-11,East,Delaware,Dover,United States,Electronics,Tablets,Samsung Galaxy Tab,1,734.61,734.61,76.45,0.104068826,85305.5,41726,28517.5
810,16/2/2024,2024,2024Q1,2,2024-02,Centre,North Dakota,Fargo,United States,Electronics,Smartphones,Apple iPhone 14,2,790.48,1580.96,136.94,0.086618257,25855.5,58037.5,137264
113504,8/9/2024,2024,2024Q3,9,2024-09,Centre,Missouri,St. Louis,United States,Home & Furniture,Furniture,Ashley Recliner,1,752.71,752.71,240.25,0.319180029,138303,103790,137264
90859,4/6/2023,2023,2023Q2,6,2023-06,West,California,San Diego,United States,Home & Furniture,Storage,Closet Organizer,1,577.73,577.73,196.51,0.340141589,68763.5,119502,84748.5
37748,8/9/2023,2023,2023Q3,9,2023-09,West,New Mexico,Santa Fe,United States,Home & Furniture,Kitchenware,KitchenAid Mixer,2,52.94,105.88,16.48,0.155647903,35782.5,161071.5,84748.5
129626,2/1/2023,2023,2023Q1,1,2023-01,South,Tennessee,Nashville,United States,Clothing & Apparel,Women's Wear,Old Navy Dress,1,387.49,387.49,102.7,0.265039098,80407,172632,181033
19645,13/12/2023,2023,2023Q4,12,2023-12,South,Texas,Dallas,United States,Accessories,Bags,Backpack,1,79.11,79.11,21.57,0.272658324,172223,164893,181033
60152,2/11/2024,2024,2024Q4,11,2024-11,Centre,Nebraska,Omaha,United States,Accessories,Bags,Wallet,3,58.27,174.81,69.04,0.394943081,182105,111797.5,137264
64048,30/1/2023,2023,2023Q1,1,2023-01,East,Maine,Augusta,United States,Home & Furniture,Home Decor,Vase,1,514.03,514.03,115.7,0.225084139,140752.5,55638.5,28517.5
160889,29/4/2024,2024,2024Q2,4,2024-04,West,Arizona,Phoenix,United States,Electronics,Smartphones,Apple iPhone 14,6,1100.23,6601.38,1134.22,0.17181559,25855.5,151096.5,84748.5
54784,1/1/2023,2023,2023Q1,1,2023-01,Centre,South Dakota,Sioux Falls,United States,Accessories,Bags,Tote Bag,2,81.67,163.34,75.25,0.460695482,198615,73980,137264
129465,18/9/2024,2024,2024Q3,9,2024-09,East,Delaware,Wilmington,United States,Home & Furniture,Kitchenware,Instant Pot,2,583.58,1167.16,368.58,0.315792179,9852,10174.5,28517.5
142388,11/11/2023,2023,2023Q4,11,2023-11,West,Arizona,Phoenix,United States,Clothing & Apparel,Sportswear,Adidas Tracksuit,2,63.57,127.14,44.63,0.35103036,119089.5,151096.5,84748.5
142235,1/7/2024,2024,2024Q3,7,2024-07,East,Maryland,Annapolis,United States,Clothing & Apparel,Women's Wear,Zara Blouse,1,267.57,267.57,85.07,0.317935494,110934.5,38924.5,28517.5
139137,29/10/2023,2023,2023Q4,10,2023-10,East,New Jersey,Jersey City,United States,Electronics,Wearables,Apple Watch,4,928.47,3713.88,505.78,0.136186414,21072,15965,28517.5
77727,21/12/2023,2023,2023Q4,12,2023-12,Centre,Nebraska,Lincoln,United States,Clothing & Apparel,Kids Wear,Carter's Onesie,1,356.95,356.95,158.32,0.443535509,90337,85878.5,137264
198811,29/9/2024,2024,2024Q3,9,2024-09,East,Maryland,Annapolis,United States,Home & Furniture,Storage,Storage Rack,2,667.05,1334.1,163.72,0.122719436,41324,38924.5,28517.5
66401,21/9/2024,2024,2024Q3,9,2024-09,Centre,Illinois,Springfield,United States,Clothing & Apparel,Kids Wear,Children's Hoodie,2,51.07,102.14,29.28,0.286665361,131968.5,60034,137264
166159,20/3/2024,2024,2024Q1,3,2024-03,Centre,Illinois,Chicago,United States,Accessories,Small Electronics,Charging Cable,2,200.73,401.46,107.3,0.267274448,178054,61995.5,137264
188688,2/8/2023,2023,2023Q3,8,2023-08,East,Massachusetts,Boston,United States,Home & Furniture,Bedding,Tempur-Pedic Mattress,2,1223.43,2446.86,306.1,0.125099107,2762,18856.5,28517.5
150192,6/1/2024,2024,2024Q1,1,2024-01,South,Alabama,Birmingham,United States,Electronics,Wearables,Fitbit Charge,2,347.98,695.96,70.08,0.100695442,115053.5,178129,181033
163810,21/4/2024,2024,2024Q2,4,2024-04,South,Florida,Jacksonville,United States,Electronics,Tablets,Samsung Galaxy Tab,1,441.66,441.66,51.95,0.117624417,85305.5,185665.5,181033
65430,15/12/2024,2024,2024Q4,12,2024-12,West,Nevada,Reno,United States,Clothing & Apparel,Footwear,Nike Running Shoes,2,386.36,772.72,205.9,0.266461331,102666.5,133351.5,84748.5
181499,23/6/2023,2023,2023Q2,6,2023-06,East,Delaware,Dover,United States,Clothing & Apparel,Women's Wear,Zara Blouse,3,296.33,888.99,373.49,0.42012846,110934.5,41726,28517.5
112317,11/9/2024,2024,2024Q3,9,2024-09,East,Maine,Augusta,United States,Electronics,Wearables,Fitbit Charge,2,483.15,966.3,96.74,0.100113836,115053.5,55638.5,28517.5
128745,22/1/2023,2023,2023Q1,1,2023-01,East,Massachusetts,Worcester,United States,Accessories,Small Electronics,Phone Case,1,233.96,233.96,78.37,0.33497179,158639.5,44500,28517.5
68412,27/3/2024,2024,2024Q1,3,2024-03,South,Texas,Houston,United States,Clothing & Apparel,Kids Wear,Children's Hoodie,1,459.96,459.96,154.92,0.336811897,131968.5,162643.5,181033
72465,18/11/2024,2024,2024Q4,11,2024-11,Centre,Wisconsin,Madison,United States,Clothing & Apparel,Men's Wear,GAP Hoodie,1,273.72,273.72,122.13,0.446185883,162784,127468,137264
89987,31/12/2023,2023,2023Q4,12,2023-12,Centre,Wisconsin,Milwaukee,United States,Home & Furniture,Storage,Closet Organizer,1,787.17,787.17,99.41,0.126287841,68763.5,93658,137264
160068,23/12/2023,2023,2023Q4,12,2023-12,West,Utah,Salt Lake City,United States,Home & Furniture,Home Decor,Throw Pillows,1,711.28,711.28,159.88,0.224777865,57366,113773.5,84748.5
101073,11/10/2024,2024,2024Q4,10,2024-10,Centre,Minnesota,St. Paul,United States,Electronics,Home Appliances,KitchenAid Mixer,1,512.5,512.5,100.24,0.195590244,35782.5,117576.5,137264
106474,28/11/2024,2024,2024Q4,11,2024-11,Centre,Wisconsin,Madison,United States,Home & Furniture,Home Decor,Vase,2,635.06,1270.12,375.88,0.295940541,140752.5,127468,137264
9198,17/2/2023,2023,2023Q1,2,2023-02,Centre,Michigan,Grand Rapids,United States,Clothing & Apparel,Kids Wear,Carter's Onesie,1,219.32,219.32,58.67,0.267508663,90337,115722,137264
21615,27/10/2023,2023,2023Q4,10,2023-10,East,Connecticut,New Haven,United States,Electronics,Smartphones,Apple iPhone 14,1,852.83,852.83,159.72,0.187282342,25855.5,27444.5,28517.5
112235,25/10/2023,2023,2023Q4,10,2023-10,West,Oregon,Portland,United States,Electronics,Home Appliances,Instant Pot,3,239.38,718.14,122.35,0.17037068,9852,153119,84748.5
98626,11/11/2024,2024,2024Q4,11,2024-11,Centre,Michigan,Detroit,United States,Clothing & Apparel,Men's Wear,GAP Hoodie,1,94.64,94.64,39.98,0.422442942,162784,83945,137264
129879,28/1/2023,2023,2023Q1,1,2023-01,West,Utah,Provo,United States,Accessories,Bags,Wallet,1,139.65,139.65,37.74,0.270247046,182105,95625,84748.5
66177,16/8/2024,2024,2024Q3,8,2024-08,Centre,Wisconsin,Madison,United States,Home & Furniture,Bedding,Tempur-Pedic Mattress,1,624.29,624.29,158.43,0.25377629,2762,127468,137264
10076,20/4/2023,2023,2023Q2,4,2023-04,Centre,Ohio,Columbus,United States,Home & Furniture,Furniture,Office Chair,3,606.75,1820.25,510.69,0.280560363,106756.5,75897,137264
145013,26/4/2023,2023,2023Q2,4,2023-04,Centre,Ohio,Columbus,United States,Home & Furniture,Bedding,Brooklinen Sheets,1,770.5,770.5,241.39,0.313290071,46501.5,75897,137264
54403,23/3/2024,2024,2024Q1,3,2024-03,South,Tennessee,Knoxville,United States,Clothing & Apparel,Kids Wear,Children's Hoodie,3,193.3,579.9,220.67,0.380531126,131968.5,193117.5,181033
112813,12/6/2023,2023,2023Q2,6,2023-06,Centre,North Dakota,Fargo,United States,Clothing & Apparel,Sportswear,Nike Air Force 1,1,312.07,312.07,122.1,0.391258372,63037.5,58037.5,137264
2816,25/3/2024,2024,2024Q1,3,2024-03,East,Massachusetts,Worcester,United States,Electronics,Home Appliances,KitchenAid Mixer,1,902.69,902.69,79.43,0.087992556,35782.5,44500,28517.5
41260,24/12/2023,2023,2023Q4,12,2023-12,East,Vermont,Montpelier,United States,Clothing & Apparel,Women's Wear,Old Navy Dress,1,284.8,284.8,113.25,0.397647472,80407,50094,28517.5
189058,19/7/2023,2023,2023Q3,7,2023-07,Centre,North Dakota,Fargo,United States,Clothing & Apparel,Women's Wear,Old Navy Dress,1,127.12,127.12,39.38,0.309786029,80407,58037.5,137264
188902,2/7/2023,2023,2023Q3,7,2023-07,South,West Virginia,Huntington,United States,Accessories,Wearable Accessories,Sunglasses,1,149.45,149.45,33.91,0.226898628,167173.5,171519,181033
167030,4/3/2023,2023,2023Q1,3,2023-03,Centre,Kansas,Topeka,United States,Accessories,Wearable Accessories,Watch Strap,1,243.24,243.24,75.65,0.311009702,192281.5,72032,137264
134553,12/11/2024,2024,2024Q4,11,2024-11,East,New Hampshire,Nashua,United States,Electronics,TVs & Audio,Bose Soundbar,1,869.35,869.35,117.82,0.135526543,123082.5,52857.5,28517.5
92597,12/11/2023,2023,2023Q4,11,2023-11,East,Connecticut,New Haven,United States,Home & Furniture,Storage,Closet Organizer,1,607.23,607.23,83.81,0.13802019,68763.5,27444.5,28517.5
178490,3/6/2024,2024,2024Q2,6,2024-06,East,New Hampshire,Nashua,United States,Accessories,Small Electronics,Charging Cable,3,221.7,665.1,220.36,0.331318599,178054,52857.5,28517.5
190727,6/2/2023,2023,2023Q1,2,2023-02,Centre,Minnesota,St. Paul,United States,Home & Furniture,Bedding,Brooklinen Sheets,2,222.14,444.28,68.4,0.153956964,46501.5,117576.5,137264
28291,5/10/2024,2024,2024Q4,10,2024-10,South,Florida,Jacksonville,United States,Home & Furniture,Storage,Storage Rack,1,490.06,490.06,133.37,0.272150349,41324,185665.5,181033
100164,6/10/2024,2024,2024Q4,10,2024-10,Centre,Nebraska,Lincoln,United States,Electronics,Smartphones,Samsung Galaxy S23,2,669.66,1339.32,264.52,0.197503211,50508,85878.5,137264
112904,14/5/2024,2024,2024Q2,5,2024-05,West,Nevada,Las Vegas,United States,Electronics,Tablets,iPad Pro,2,636.8,1273.6,178.3,0.139996859,30384,65950.5,84748.5
180473,20/6/2023,2023,2023Q2,6,2023-06,West,Utah,Provo,United States,Home & Furniture,Bedding,Brooklinen Sheets,1,228.96,228.96,67.95,0.29677673,46501.5,95625,84748.5
170637,8/11/2024,2024,2024Q4,11,2024-11,West,California,San Jose,United States,Home & Furniture,Furniture,IKEA Sofa,2,640.21,1280.42,265.49,0.207346027,53722,159093,84748.5
88987,16/11/2024,2024,2024Q4,11,2024-11,East,Massachusetts,Worcester,United States,Electronics,TVs & Audio,Bose Soundbar,2,322.21,644.42,101.67,0.157769777,123082.5,44500,28517.5
146322,19/6/2024,2024,2024Q2,6,2024-06,South,Tennessee,Knoxville,United States,Clothing & Apparel,Sportswear,Nike Air Force 1,5,261.91,1309.55,437.69,0.334229315,63037.5,193117.5,181033
137860,4/6/2023,2023,2023Q2,6,2023-06,East,New York,Rochester,United States,Clothing & Apparel,Women's Wear,Zara Blouse,1,393.08,393.08,135.07,0.343619619,110934.5,7285,28517.5
143391,13/8/2023,2023,2023Q3,8,2023-08,South,Florida,Jacksonville,United States,Home & Furniture,Bedding,Tempur-Pedic Mattress,3,1012.92,3038.76,1060.16,0.348879148,2762,185665.5,181033
171679,1/7/2024,2024,2024Q3,7,2024-07,West,Montana,Billings,United States,Accessories,Wearable Accessories,Belt,1,139.17,139.17,35.08,0.252065819,195686.5,68055,84748.5
164775,22/8/2024,2024,2024Q3,8,2024-08,East,New Hampshire,Manchester,United States,Home & Furniture,Storage,Storage Rack,1,329.12,329.12,104.88,0.318667963,41324,4376.5,28517.5
171403,7/12/2023,2023,2023Q4,12,2023-12,South,Virginia,Virginia Beach,United States,Accessories,Small Electronics,Power Bank,1,225.19,225.19,57.59,0.255739598,188715.5,199484,181033
182092,13/7/2024,2024,2024Q3,7,2024-07,West,Idaho,Boise,United States,Electronics,Home Appliances,Instant Pot,2,491.3,982.6,176.33,0.179452473,9852,125491,84748.5
31930,9/9/2024,2024,2024Q3,9,2024-09,South,Alabama,Montgomery,United States,Clothing & Apparel,Footwear,Nike Running Shoes,2,417.22,834.44,334.24,0.400556062,102666.5,183509,181033
78447,30/11/2024,2024,2024Q4,11,2024-11,East,New Jersey,Jersey City,United States,Home & Furniture,Storage,Storage Rack,4,291.06,1164.24,389.81,0.334819281,41324,15965,28517.5
145115,2/12/2023,2023,2023Q4,12,2023-12,East,New Jersey,Jersey City,United States,Electronics,Laptops,MacBook Air,1,1253.57,1253.57,107.7,0.085914628,16143.5,15965,28517.5
96762,24/6/2024,2024,2024Q2,6,2024-06,Centre,Ohio,Columbus,United States,Electronics,Wearables,Apple Watch,2,527.9,1055.8,173.38,0.164216708,21072,75897,137264
153368,9/11/2024,2024,2024Q4,11,2024-11,South,Tennessee,Knoxville,United States,Home & Furniture,Furniture,IKEA Sofa,3,263.11,789.33,138.8,0.175845337,53722,193117.5,181033
69029,20/12/2024,2024,2024Q4,12,2024-12,South,Tennessee,Knoxville,United States,Electronics,Laptops,MacBook Air,1,481.91,481.91,44.62,0.092589903,16143.5,193117.5,181033
6683,15/11/2024,2024,2024Q4,11,2024-11,West,Utah,Salt Lake City,United States,Electronics,Laptops,Dell XPS 13,3,716.09,2148.27,303.48,0.141267159,72363,113773.5,84748.5
80570,29/8/2023,2023,2023Q3,8,2023-08,Centre,Iowa,Des Moines,United States,Home & Furniture,Storage,Storage Rack,4,715.46,2861.84,813.13,0.284128393,41324,123517.5,137264
146280,22/10/2024,2024,2024Q4,10,2024-10,East,Connecticut,Hartford,United States,Home & Furniture,Storage,Storage Rack,1,304.33,304.33,98.31,0.323037492,41324,30307.5,28517.5
9571,27/10/2023,2023,2023Q4,10,2023-10,South,Florida,Jacksonville,United States,Clothing & Apparel,Women's Wear,Old Navy Dress,1,169.74,169.74,55.41,0.326440438,80407,185665.5,181033
138795,28/10/2023,2023,2023Q4,10,2023-10,West,Arizona,Glendale,United States,Electronics,Laptops,MacBook Air,2,603.11,1206.22,179.7,0.148977798,16143.5,81913.5,84748.5
107075,7/12/2023,2023,2023Q4,12,2023-12,Centre,North Dakota,Bismarck,United States,Home & Furniture,Home Decor,Throw Pillows,2,744.03,1488.06,413.63,0.277965942,57366,97617.5,137264
33645,17/1/2024,2024,2024Q1,1,2024-01,West,Wyoming,Cheyenne,United States,Home & Furniture,Home Decor,Wall Art,2,552.22,1104.44,381.66,0.345568795,98288.5,101797,84748.5
123496,11/3/2023,2023,2023Q1,3,2023-03,West,New Mexico,Santa Fe,United States,Electronics,Home Appliances,Instant Pot,2,227.77,455.54,40.73,0.08941037,9852,161071.5,84748.5
174673,5/10/2024,2024,2024Q4,10,2024-10,West,Arizona,Mesa,United States,Home & Furniture,Furniture,Dining Table Set,3,304.48,913.44,210.5,0.230447539,155281.5,155151.5,84748.5
70580,25/10/2024,2024,2024Q4,10,2024-10,West,California,San Jose,United States,Clothing & Apparel,Kids Wear,Carter's Onesie,5,304.13,1520.65,479.94,0.315615033,90337,159093,84748.5
179456,3/6/2023,2023,2023Q2,6,2023-06,Centre,North Dakota,Bismarck,United States,Electronics,Tablets,Samsung Galaxy Tab,1,694.07,694.07,88.88,0.128056248,85305.5,97617.5,137264
2676,29/10/2023,2023,2023Q4,10,2023-10,East,New Jersey,Jersey City,United States,Electronics,Wearables,Fitbit Charge,2,928.33,1856.66,164.42,0.088556871,115053.5,15965,28517.5
3746,21/5/2024,2024,2024Q2,5,2024-05,Centre,Indiana,Indianapolis,United States,Home & Furniture,Bedding,Tempur-Pedic Mattress,2,1041.74,2083.48,407.42,0.195547833,2762,137309,137264
126839,5/7/2023,2023,2023Q3,7,2023-07,West,Utah,Provo,United States,Home & Furniture,Storage,Closet Organizer,1,470.37,470.37,116.19,0.247018305,68763.5,95625,84748.5
185302,13/12/2023,2023,2023Q4,12,2023-12,Centre,Missouri,Kansas City,United States,Electronics,TVs & Audio,Sony Bravia TV,1,192.33,192.33,33.49,0.174127801,75436,87787,137264
33839,20/9/2023,2023,2023Q3,9,2023-09,South,Alabama,Birmingham,United States,Electronics,Laptops,Lenovo ThinkPad,2,957.96,1915.92,212.75,0.111043259,149223,178129,181033
52781,29/10/2023,2023,2023Q4,10,2023-10,West,Nevada,Reno,United States,Accessories,Bags,Tote Bag,1,110.76,110.76,51.86,0.468219574,198615,133351.5,84748.5
161294,30/10/2023,2023,2023Q4,10,2023-10,Centre,Minnesota,St. Paul,United States,Clothing & Apparel,Sportswear,Nike Air Force 1,4,343.1,1372.4,561.19,0.408911396,63037.5,117576.5,137264
121245,28/10/2024,2024,2024Q4,10,2024-10,East,New York,Rochester,United States,Electronics,Laptops,MacBook Air,1,716.25,716.25,89.09,0.124383944,16143.5,7285,28517.5
43737,26/7/2023,2023,2023Q3,7,2023-07,East,Massachusetts,Worcester,United States,Accessories,Wearable Accessories,Belt,3,194.42,583.26,242.79,0.416263759,195686.5,44500,28517.5
141313,26/12/2024,2024,2024Q4,12,2024-12,Centre,Nebraska,Omaha,United States,Home & Furniture,Kitchenware,Instant Pot,1,93.71,93.71,12.86,0.137231886,9852,111797.5,137264
122530,28/11/2023,2023,2023Q4,11,2023-11,East,Massachusetts,Boston,United States,Clothing & Apparel,Women's Wear,Old Navy Dress,1,254.18,254.18,99.67,0.392123692,80407,18856.5,28517.5
147697,18/4/2023,2023,2023Q2,4,2023-04,East,Delaware,Dover,United States,Accessories,Wearable Accessories,Belt,1,224.31,224.31,74.76,0.333288752,195686.5,41726,28517.5
129029,29/10/2023,2023,2023Q4,10,2023-10,East,New Jersey,Jersey City,United States,Accessories,Bags,Wallet,3,203.9,611.7,220.75,0.360879516,182105,15965,28517.5
24357,27/1/2024,2024,2024Q1,1,2024-01,Centre,Ohio,Cincinnati,United States,Electronics,Tablets,iPad Pro,1,295.88,295.88,32.96,0.111396512,30384,77815,137264
159378,10/7/2024,2024,2024Q3,7,2024-07,West,Idaho,Boise,United States,Accessories,Small Electronics,Charging Cable,3,51.52,154.56,60.99,0.394604037,178054,125491,84748.5
142052,21/7/2023,2023,2023Q3,7,2023-07,South,Mississippi,Gulfport,United States,Clothing & Apparel,Men's Wear,Under Armour T-Shirt,1,312.47,312.47,101.33,0.324287132,144179,182421,181033
56900,15/6/2023,2023,2023Q2,6,2023-06,Centre,Kansas,Wichita,United States,Electronics,Laptops,Dell XPS 13,1,765.22,765.22,63.1,0.082459946,72363,63929,137264
11674,7/5/2024,2024,2024Q2,5,2024-05,West,New Mexico,Albuquerque,United States,Accessories,Wearable Accessories,Sunglasses,2,175.68,351.36,153.2,0.436020036,167173.5,147045,84748.5
14543,25/5/2024,2024,2024Q2,5,2024-05,West,Arizona,Mesa,United States,Clothing & Apparel,Footwear,Crocs,2,162.75,325.5,108.99,0.33483871,152219,155151.5,84748.5
44128,21/10/2024,2024,2024Q4,10,2024-10,South,Tennessee,Knoxville,United States,Clothing & Apparel,Footwear,Timberland Boots,2,248.93,497.86,99.86,0.200578476,185611.5,193117.5,181033
33363,16/10/2024,2024,2024Q4,10,2024-10,West,Arizona,Mesa,United States,Accessories,Small Electronics,Phone Case,2,169.4,338.8,101.87,0.300678867,158639.5,155151.5,84748.5
85451,19/11/2023,2023,2023Q4,11,2023-11,West,Nevada,Las Vegas,United States,Home & Furniture,Home Decor,Throw Pillows,4,408.91,1635.64,271.71,0.166118461,57366,65950.5,84748.5
172703,26/7/2023,2023,2023Q3,7,2023-07,West,California,San Francisco,United States,Clothing & Apparel,Kids Wear,Children's Hoodie,1,220.38,220.38,80.45,0.365051275,131968.5,107867.5,84748.5
12409,30/9/2024,2024,2024Q3,9,2024-09,West,Washington,Seattle,United States,Accessories,Bags,Wallet,2,64.43,128.86,58.26,0.452118578,182105,105761,84748.5
182954,28/10/2024,2024,2024Q4,10,2024-10,Centre,Illinois,Aurora,United States,Electronics,Laptops,MacBook Air,1,484.58,484.58,91.28,0.18836931,16143.5,89694,137264
107682,29/12/2023,2023,2023Q4,12,2023-12,Centre,Indiana,Fort Wayne,United States,Home & Furniture,Kitchenware,Cookware Set,1,287.03,287.03,81.78,0.284917953,135947.5,143071,137264
152039,5/2/2023,2023,2023Q1,2,2023-02,South,Kentucky,Lexington,United States,Accessories,Wearable Accessories,Sunglasses,1,238.76,238.76,58.48,0.244932149,167173.5,174826.5,181033
192056,20/10/2024,2024,2024Q4,10,2024-10,Centre,Missouri,St. Louis,United States,Accessories,Wearable Accessories,Belt,1,202.28,202.28,48.8,0.241249753,195686.5,103790,137264
169962,30/11/2023,2023,2023Q4,11,2023-11,East,Maine,Augusta,United States,Home & Furniture,Kitchenware,Cookware Set,1,492.48,492.48,123.19,0.250142138,135947.5,55638.5,28517.5
113761,22/11/2024,2024,2024Q4,11,2024-11,South,Alabama,Huntsville,United States,Clothing & Apparel,Sportswear,Nike Air Force 1,1,270.56,270.56,86.9,0.321185689,63037.5,186738.5,181033
62580,27/4/2023,2023,2023Q2,4,2023-04,West,Oregon,Salem,United States,Home & Furniture,Storage,Closet Organizer,3,123.79,371.37,84.4,0.227266607,68763.5,129446,84748.5
120596,4/5/2024,2024,2024Q2,5,2024-05,East,New York,New York City,United States,Home & Furniture,Kitchenware,KitchenAid Mixer,5,823.09,4115.45,1021.17,0.248130824,35782.5,36092,28517.5
2003,6/10/2024,2024,2024Q4,10,2024-10,West,New Mexico,Albuquerque,United States,Clothing & Apparel,Sportswear,Nike Air Force 1,1,326.99,326.99,138.92,0.424844796,63037.5,147045,84748.5
67775,20/4/2023,2023,2023Q2,4,2023-04,East,New York,Rochester,United States,Electronics,Laptops,Lenovo ThinkPad,4,830.36,3321.44,641.62,0.193175249,149223,7285,28517.5
100678,4/1/2024,2024,2024Q1,1,2024-01,South,Virginia,Richmond,United States,Accessories,Wearable Accessories,Belt,1,228.08,228.08,41.63,0.182523676,195686.5,173730.5,181033
141970,4/10/2023,2023,2023Q4,10,2023-10,Centre,South Dakota,Sioux Falls,United States,Home & Furniture,Home Decor,Wall Art,2,281.77,563.54,146.93,0.260726834,98288.5,73980,137264
173668,22/3/2023,2023,2023Q1,3,2023-03,East,Connecticut,New Haven,United States,Accessories,Wearable Accessories,Belt,1,61.17,61.17,22.75,0.371914337,195686.5,27444.5,28517.5
107245,7/7/2024,2024,2024Q3,7,2024-07,West,New Mexico,Santa Fe,United States,Accessories,Small Electronics,Phone Case,2,111.59,223.18,45.43,0.203557666,158639.5,161071.5,84748.5
115627,16/11/2023,2023,2023Q4,11,2023-11,West,New Mexico,Santa Fe,United States,Clothing & Apparel,Men's Wear,Under Armour T-Shirt,1,435.15,435.15,150.99,0.346983799,144179,161071.5,84748.5
39480,7/11/2023,2023,2023Q4,11,2023-11,Centre,Kansas,Wichita,United States,Clothing & Apparel,Women's Wear,Zara Blouse,1,324.26,324.26,68.15,0.210170851,110934.5,63929,137264
178621,18/12/2024,2024,2024Q4,12,2024-12,South,Oklahoma,Tulsa,United States,Accessories,Bags,Backpack,2,188.86,377.72,77.95,0.206369798,172223,166021,181033
181149,24/6/2023,2023,2023Q2,6,2023-06,Centre,Wisconsin,Madison,United States,Clothing & Apparel,Footwear,Timberland Boots,1,302.52,302.52,84.34,0.278791485,185611.5,127468,137264
37470,9/9/2024,2024,2024Q3,9,2024-09,West,Washington,Spokane,United States,Electronics,Laptops,Dell XPS 13,1,868.53,868.53,106.51,0.122632494,72363,157138,84748.5
113698,2/1/2024,2024,2024Q1,1,2024-01,Centre,North Dakota,Fargo,United States,Clothing & Apparel,Kids Wear,Children's Hoodie,1,310.08,310.08,67.11,0.216428019,131968.5,58037.5,137264
155350,2/12/2023,2023,2023Q4,12,2023-12,Centre,Ohio,Columbus,United States,Accessories,Small Electronics,Power Bank,1,258.27,258.27,48.68,0.188484919,188715.5,75897,137264
183788,1/2/2023,2023,2023Q1,2,2023-02,Centre,Indiana,Fort Wayne,United States,Clothing & Apparel,Men's Wear,Levi's Jeans,2,261.45,522.9,213.75,0.408777969,126779,143071,137264
140994,9/11/2024,2024,2024Q4,11,2024-11,South,South Carolina,Columbia,United States,Electronics,Smartphones,Apple iPhone 14,1,466.56,466.56,80.07,0.171617798,25855.5,170400.5,181033
193734,26/12/2024,2024,2024Q4,12,2024-12,East,Maryland,Baltimore,United States,Home & Furniture,Furniture,Ashley Recliner,1,957.73,957.73,299.26,0.312468023,138303,47295,28517.5
140571,19/6/2023,2023,2023Q2,6,2023-06,Centre,South Dakota,Sioux Falls,United States,Accessories,Small Electronics,Charging Cable,3,127.22,381.66,104.35,0.273410889,178054,73980,137264
70505,7/7/2023,2023,2023Q3,7,2023-07,South,Texas,Houston,United States,Clothing & Apparel,Sportswear,Adidas Tracksuit,1,53.2,53.2,20.77,0.390413534,119089.5,162643.5,181033
101936,6/9/2024,2024,2024Q3,9,2024-09,East,New Hampshire,Manchester,United States,Clothing & Apparel,Footwear,Nike Running Shoes,4,400.96,1603.84,605.48,0.377518955,102666.5,4376.5,28517.5
78058,28/11/2023,2023,2023Q4,11,2023-11,Centre,Michigan,Detroit,United States,Clothing & Apparel,Women's Wear,Zara Blouse,1,124.79,124.79,53.84,0.431444827,110934.5,83945,137264
101239,10/9/2023,2023,2023Q3,9,2023-09,East,Pennsylvania,Philadelphia,United States,Accessories,Bags,Backpack,2,229.44,458.88,167.51,0.365040969,172223,21712,28517.5
117569,6/4/2024,2024,2024Q2,4,2024-04,East,Maine,Augusta,United States,Clothing & Apparel,Women's Wear,Old Navy Dress,3,48.62,145.86,33.52,0.229809406,80407,55638.5,28517.5
41269,22/11/2024,2024,2024Q4,11,2024-11,Centre,Ohio,Columbus,United States,Home & Furniture,Kitchenware,Instant Pot,2,161.08,322.16,95.32,0.295877825,9852,75897,137264
51624,4/1/2024,2024,2024Q1,1,2024-01,Centre,Nebraska,Lincoln,United States,Clothing & Apparel,Men's Wear,Under Armour T-Shirt,2,292.89,585.78,134.73,0.230001024,144179,85878.5,137264
121774,26/12/2023,2023,2023Q4,12,2023-12,South,Texas,Dallas,United States,Home & Furniture,Bedding,Tempur-Pedic Mattress,3,485.84,1457.52,194.81,0.133658543,2762,164893,181033
31070,29/6/2023,2023,2023Q2,6,2023-06,South,Alabama,Birmingham,United States,Clothing & Apparel,Men's Wear,GAP Hoodie,1,233.32,233.32,82,0.351448654,162784,178129,181033
152849,16/9/2023,2023,2023Q3,9,2023-09,East,Connecticut,Hartford,United States,Electronics,Home Appliances,KitchenAid Mixer,4,428.81,1715.24,334.08,0.194771577,35782.5,30307.5,28517.5
165500,15/11/2023,2023,2023Q4,11,2023-11,Centre,Michigan,Grand Rapids,United States,Clothing & Apparel,Sportswear,Adidas Tracksuit,1,342.12,342.12,148.48,0.433999766,119089.5,115722,137264
134684,24/3/2024,2024,2024Q1,3,2024-03,Centre,Kansas,Topeka,United States,Electronics,Home Appliances,KitchenAid Mixer,2,613.7,1227.4,162.5,0.132393678,35782.5,72032,137264
168490,20/3/2024,2024,2024Q1,3,2024-03,South,Texas,Houston,United States,Clothing & Apparel,Sportswear,Adidas Tracksuit,2,362.31,724.62,171.41,0.236551572,119089.5,162643.5,181033
149024,19/10/2024,2024,2024Q4,10,2024-10,West,California,San Francisco,United States,Home & Furniture,Storage,Closet Organizer,1,61.54,61.54,20.57,0.334254144,68763.5,107867.5,84748.5
1854,6/4/2024,2024,2024Q2,4,2024-04,Centre,Illinois,Springfield,United States,Electronics,Tablets,iPad Pro,3,771.12,2313.36,284.36,0.122920773,30384,60034,137264
108865,13/3/2024,2024,2024Q1,3,2024-03,West,Wyoming,Casper,United States,Accessories,Bags,Wallet,2,111.86,223.72,60.52,0.270516717,182105,149083,84748.5
33043,22/1/2024,2024,2024Q1,1,2024-01,Centre,Michigan,Grand Rapids,United States,Clothing & Apparel,Sportswear,Nike Air Force 1,2,150.12,300.24,121.73,0.405442313,63037.5,115722,137264
103759,21/3/2024,2024,2024Q1,3,2024-03,South,West Virginia,Huntington,United States,Electronics,Smartphones,Samsung Galaxy S23,3,927.15,2781.45,542.68,0.195106869,50508,171519,181033
24500,29/1/2023,2023,2023Q1,1,2023-01,East,Vermont,Montpelier,United States,Electronics,TVs & Audio,Bose Soundbar,1,854.52,854.52,91.76,0.107381922,123082.5,50094,28517.5
37184,31/5/2024,2024,2024Q2,5,2024-05,Centre,Missouri,Kansas City,United States,Accessories,Wearable Accessories,Belt,1,210.57,210.57,94.63,0.44939925,195686.5,87787,137264
141648,22/2/2023,2023,2023Q1,2,2023-02,West,Arizona,Chandler,United States,Electronics,Laptops,Lenovo ThinkPad,1,242.43,242.43,34.53,0.142432867,149223,121539,84748.5
93811,25/2/2023,2023,2023Q1,2,2023-02,South,West Virginia,Huntington,United States,Home & Furniture,Home Decor,Throw Pillows,1,368.64,368.64,69.29,0.187961155,57366,171519,181033
6030,14/11/2024,2024,2024Q4,11,2024-11,East,Maryland,Annapolis,United States,Home & Furniture,Furniture,Office Chair,1,683.95,683.95,225.24,0.329322319,106756.5,38924.5,28517.5
169151,9/11/2024,2024,2024Q4,11,2024-11,South,Florida,Miami,United States,Clothing & Apparel,Sportswear,Nike Air Force 1,1,470.39,470.39,158.85,0.337698505,63037.5,194181,181033
167515,20/1/2024,2024,2024Q1,1,2024-01,South,Alabama,Mobile,United States,Clothing & Apparel,Men's Wear,Levi's Jeans,1,408.83,408.83,169.65,0.414964655,126779,167128.5,181033
126671,11/6/2023,2023,2023Q2,6,2023-06,South,Texas,Dallas,United States,Home & Furniture,Furniture,Office Chair,1,225.47,225.47,46.71,0.207167251,106756.5,164893,181033
46602,24/7/2023,2023,2023Q3,7,2023-07,Centre,Iowa,Cedar Rapids,United States,Home & Furniture,Home Decor,Throw Pillows,2,686.56,1373.12,219.6,0.159927756,57366,109894,137264
147139,8/9/2023,2023,2023Q3,9,2023-09,Centre,Missouri,Kansas City,United States,Electronics,Home Appliances,KitchenAid Mixer,1,305.61,305.61,54.32,0.177742875,35782.5,87787,137264
69086,21/10/2023,2023,2023Q4,10,2023-10,East,Pennsylvania,Philadelphia,United States,Accessories,Wearable Accessories,Belt,3,233.25,699.75,157.52,0.225108967,195686.5,21712,28517.5
188876,20/8/2024,2024,2024Q3,8,2024-08,Centre,Indiana,Indianapolis,United States,Clothing & Apparel,Men's Wear,GAP Hoodie,1,230.74,230.74,76.47,0.331411979,162784,137309,137264
138413,16/11/2023,2023,2023Q4,11,2023-11,South,Kentucky,Lexington,United States,Accessories,Bags,Tote Bag,2,81.14,162.28,39.92,0.245994577,198615,174826.5,181033
162816,27/11/2023,2023,2023Q4,11,2023-11,West,Idaho,Boise,United States,Electronics,Home Appliances,Instant Pot,1,231.26,231.26,22.57,0.09759578,9852,125491,84748.5
129242,23/1/2023,2023,2023Q1,1,2023-01,East,New Jersey,Newark,United States,Electronics,Laptops,Dell XPS 13,3,737.33,2211.99,310.98,0.140588339,72363,24566,28517.5
155996,19/5/2024,2024,2024Q2,5,2024-05,Centre,Indiana,Fort Wayne,United States,Clothing & Apparel,Women's Wear,Old Navy Dress,1,428.52,428.52,172.74,0.403108373,80407,143071,137264
146736,2/12/2023,2023,2023Q4,12,2023-12,West,Nevada,Las Vegas,United States,Accessories,Bags,Wallet,3,89.79,269.37,95.22,0.35349148,182105,65950.5,84748.5
155059,14/4/2023,2023,2023Q2,4,2023-04,South,Florida,Miami,United States,Clothing & Apparel,Footwear,Nike Running Shoes,2,350.02,700.04,164.54,0.235043712,102666.5,194181,181033
84371,1/12/2024,2024,2024Q4,12,2024-12,West,Utah,Salt Lake City,United States,Electronics,Wearables,Apple Watch,2,716.21,1432.42,245.88,0.171653565,21072,113773.5,84748.5
155396,16/6/2023,2023,2023Q2,6,2023-06,East,Connecticut,New Haven,United States,Electronics,Tablets,Samsung Galaxy Tab,2,777.69,1555.38,131.88,0.084789569,85305.5,27444.5,28517.5
56611,19/6/2024,2024,2024Q2,6,2024-06,West,California,San Francisco,United States,Clothing & Apparel,Footwear,Crocs,1,336.84,336.84,84.26,0.250148438,152219,107867.5,84748.5
26147,13/11/2024,2024,2024Q4,11,2024-11,South,Alabama,Huntsville,United States,Clothing & Apparel,Footwear,Nike Running Shoes,1,278.05,278.05,95.72,0.34425463,102666.5,186738.5,181033
28419,12/12/2024,2024,2024Q4,12,2024-12,East,New Jersey,Jersey City,United States,Electronics,Home Appliances,Instant Pot,1,619.13,619.13,99.35,0.160467107,9852,15965,28517.5
79094,19/11/2024,2024,2024Q4,11,2024-11,East,Massachusetts,Worcester,United States,Clothing & Apparel,Women's Wear,Zara Blouse,2,300.79,601.58,149.19,0.247996941,110934.5,44500,28517.5
194821,24/1/2023,2023,2023Q1,1,2023-01,West,Utah,Provo,United States,Clothing & Apparel,Women's Wear,Zara Blouse,1,71.96,71.96,27.49,0.382017788,110934.5,95625,84748.5
149808,30/11/2023,2023,2023Q4,11,2023-11,Centre,Michigan,Grand Rapids,United States,Home & Furniture,Storage,Storage Rack,2,953.33,1906.66,536.65,0.281460774,41324,115722,137264
45724,28/7/2023,2023,2023Q3,7,2023-07,Centre,Minnesota,Minneapolis,United States,Clothing & Apparel,Footwear,Timberland Boots,1,192.28,192.28,75.49,0.392604535,185611.5,131405,137264
184500,14/12/2023,2023,2023Q4,12,2023-12,West,California,San Jose,United States,Accessories,Small Electronics,Charging Cable,2,95.69,191.38,47.94,0.250496395,178054,159093,84748.5
157290,21/4/2024,2024,2024Q2,4,2024-04,East,Maryland,Annapolis,United States,Clothing & Apparel,Footwear,Crocs,1,239.33,239.33,73.83,0.308486191,152219,38924.5,28517.5
10860,22/11/2023,2023,2023Q4,11,2023-11,South,Arkansas,Fayetteville,United States,Clothing & Apparel,Men's Wear,Levi's Jeans,2,230.79,461.58,166,0.3596343,126779,192067.5,181033
128658,15/11/2024,2024,2024Q4,11,2024-11,Centre,Minnesota,Minneapolis,United States,Clothing & Apparel,Women's Wear,Zara Blouse,2,329.9,659.8,251.36,0.380963928,110934.5,131405,137264
42855,10/3/2024,2024,2024Q1,3,2024-03,South,Kentucky,Lexington,United States,Home & Furniture,Bedding,Brooklinen Sheets,1,810.85,810.85,136.65,0.168526855,46501.5,174826.5,181033
134854,22/11/2024,2024,2024Q4,11,2024-11,Centre,Kansas,Wichita,United States,Electronics,Wearables,Apple Watch,2,717.64,1435.28,277.7,0.193481411,21072,63929,137264
142263,26/4/2023,2023,2023Q2,4,2023-04,West,Oregon,Salem,United States,Clothing & Apparel,Women's Wear,Old Navy Dress,1,190.66,190.66,42.89,0.224955418,80407,129446,84748.5
49012,1/6/2024,2024,2024Q2,6,2024-06,West,Oregon,Salem,United States,Home & Furniture,Furniture,IKEA Sofa,3,867.46,2602.38,335.95,0.129093368,53722,129446,84748.5
29245,10/5/2023,2023,2023Q2,5,2023-05,East,New York,Rochester,United States,Accessories,Small Electronics,Phone Case,3,147.19,441.57,200.28,0.453563421,158639.5,7285,28517.5
75584,4/1/2023,2023,2023Q1,1,2023-01,Centre,North Dakota,Bismarck,United States,Clothing & Apparel,Men's Wear,Levi's Jeans,1,226.37,226.37,83.13,0.36723064,126779,97617.5,137264
73844,29/8/2023,2023,2023Q3,8,2023-08,Centre,Ohio,Cincinnati,United States,Home & Furniture,Furniture,IKEA Sofa,2,500.81,1001.62,190.23,0.189922326,53722,77815,137264
97862,5/2/2024,2024,2024Q1,2,2024-02,Centre,Iowa,Cedar Rapids,United States,Electronics,Home Appliances,Dyson Vacuum,1,612.07,612.07,56.59,0.092456745,147294.5,109894,137264
130937,16/6/2023,2023,2023Q2,6,2023-06,East,Massachusetts,Boston,United States,Electronics,TVs & Audio,LG OLED TV,3,567.99,1703.97,308.83,0.181241454,95213,18856.5,28517.5
47927,24/11/2024,2024,2024Q4,11,2024-11,East,Connecticut,New Haven,United States,Clothing & Apparel,Sportswear,Adidas Tracksuit,2,383.11,766.22,342.7,0.447260578,119089.5,27444.5,28517.5
17311,16/11/2024,2024,2024Q4,11,2024-11,Centre,Ohio,Columbus,United States,Home & Furniture,Bedding,Brooklinen Sheets,1,380.79,380.79,62.92,0.165235432,46501.5,75897,137264
51452,29/12/2024,2024,2024Q4,12,2024-12,West,Colorado,Colorado Springs,United States,Clothing & Apparel,Men's Wear,Levi's Jeans,1,362.34,362.34,74.17,0.204697246,126779,135380.5,84748.5
161760,9/10/2023,2023,2023Q4,10,2023-10,West,Arizona,Phoenix,United States,Clothing & Apparel,Sportswear,Adidas Tracksuit,3,407.31,1221.93,439.23,0.359455943,119089.5,151096.5,84748.5
140065,3/3/2024,2024,2024Q1,3,2024-03,East,Pennsylvania,Philadelphia,United States,Home & Furniture,Furniture,Office Chair,1,712.94,712.94,117.35,0.164600107,106756.5,21712,28517.5
157960,11/8/2023,2023,2023Q3,8,2023-08,Centre,Missouri,Kansas City,United States,Home & Furniture,Storage,Storage Rack,3,732.35,2197.05,573.89,0.261209349,41324,87787,137264
53621,7/11/2023,2023,2023Q4,11,2023-11,Centre,Indiana,Fort Wayne,United States,Electronics,Home Appliances,Instant Pot,2,708.24,1416.48,183.1,0.129264091,9852,143071,137264
67902,29/11/2023,2023,2023Q4,11,2023-11,South,Arkansas,Fayetteville,United States,Clothing & Apparel,Men's Wear,GAP Hoodie,4,96.6,386.4,165.25,0.427665631,162784,192067.5,181033
181858,14/1/2024,2024,2024Q1,1,2024-01,Centre,Minnesota,Minneapolis,United States,Clothing & Apparel,Kids Wear,Children's Hoodie,1,113.53,113.53,33.03,0.290936316,131968.5,131405,137264
141983,19/7/2024,2024,2024Q3,7,2024-07,Centre,Minnesota,St. Paul,United States,Clothing & Apparel,Sportswear,Adidas Tracksuit,3,261.26,783.78,203.85,0.260085738,119089.5,117576.5,137264
181491,4/11/2024,2024,2024Q4,11,2024-11,South,Tennessee,Knoxville,United States,Clothing & Apparel,Men's Wear,Under Armour T-Shirt,1,66.95,66.95,23.41,0.349663928,144179,193117.5,181033
181885,1/8/2023,2023,2023Q3,8,2023-08,Centre,Iowa,Cedar Rapids,United States,Accessories,Bags,Wallet,3,75.93,227.79,41.43,0.181878046,182105,109894,137264
93379,2/8/2024,2024,2024Q3,8,2024-08,East,Vermont,Montpelier,United States,Home & Furniture,Kitchenware,Instant Pot,4,420.78,1683.12,573.29,0.340611483,9852,50094,28517.5
137111,14/12/2023,2023,2023Q4,12,2023-12,Centre,Illinois,Springfield,United States,Home & Furniture,Bedding,Brooklinen Sheets,4,828.96,3315.84,1157.3,0.349021666,46501.5,60034,137264
25354,27/11/2024,2024,2024Q4,11,2024-11,East,Massachusetts,Worcester,United States,Home & Furniture,Storage,Closet Organizer,1,60.16,60.16,16.04,0.26662234,68763.5,44500,28517.5
162386,8/11/2024,2024,2024Q4,11,2024-11,South,Tennessee,Nashville,United States,Home & Furniture,Furniture,Ashley Recliner,3,574.48,1723.44,350.35,0.20328529,138303,172632,181033
38953,23/7/2024,2024,2024Q3,7,2024-07,South,Arkansas,Fayetteville,United States,Clothing & Apparel,Kids Wear,Children's Hoodie,1,106.42,106.42,38.3,0.359894757,131968.5,192067.5,181033
59478,17/10/2024,2024,2024Q4,10,2024-10,South,Tennessee,Knoxville,United States,Home & Furniture,Bedding,Tempur-Pedic Mattress,2,1003.37,2006.74,696.45,0.347055423,2762,193117.5,181033
143245,7/1/2024,2024,2024Q1,1,2024-01,East,Connecticut,New Haven,United States,Home & Furniture,Storage,Closet Organizer,2,613.5,1227,409.86,0.33403423,68763.5,27444.5,28517.5
142792,29/11/2024,2024,2024Q4,11,2024-11,South,Kentucky,Louisville,United States,Home & Furniture,Kitchenware,Instant Pot,2,753.07,1506.14,499.97,0.331954533,9852,179208,181033
99578,22/12/2023,2023,2023Q4,12,2023-12,East,Vermont,Montpelier,United States,Clothing & Apparel,Women's Wear,Old Navy Dress,2,134.41,268.82,104.65,0.389293951,80407,50094,28517.5
38172,12/3/2024,2024,2024Q1,3,2024-03,South,Texas,Austin,United States,Clothing & Apparel,Kids Wear,Children's Hoodie,1,85.53,85.53,32.17,0.376125336,131968.5,168198.5,181033
138978,24/4/2023,2023,2023Q2,4,2023-04,South,Texas,Austin,United States,Accessories,Wearable Accessories,Sunglasses,1,153.64,153.64,53.52,0.348346785,167173.5,168198.5,181033
104045,1/5/2023,2023,2023Q2,5,2023-05,Centre,Minnesota,Minneapolis,United States,Electronics,Home Appliances,Instant Pot,3,787.8,2363.4,316.35,0.13385377,9852,131405,137264
43807,28/12/2024,2024,2024Q4,12,2024-12,West,California,San Diego,United States,Accessories,Bags,Tote Bag,1,108.84,108.84,31.87,0.292815141,198615,119502,84748.5
78426,15/12/2023,2023,2023Q4,12,2023-12,West,Colorado,Denver,United States,Accessories,Small Electronics,Phone Case,4,77.79,311.16,96.2,0.309165703,158639.5,99661.5,84748.5
108229,27/11/2023,2023,2023Q4,11,2023-11,South,Florida,Miami,United States,Home & Furniture,Kitchenware,KitchenAid Mixer,1,303.29,303.29,78.39,0.258465495,35782.5,194181,181033
189988,5/1/2023,2023,2023Q1,1,2023-01,Centre,Indiana,Fort Wayne,United States,Electronics,TVs & Audio,Bose Soundbar,2,657.17,1314.34,205.64,0.156458755,123082.5,143071,137264
150078,16/3/2023,2023,2023Q1,3,2023-03,Centre,Iowa,Cedar Rapids,United States,Electronics,Laptops,Dell XPS 13,3,673.03,2019.09,387.04,0.191690316,72363,109894,137264
19101,30/7/2023,2023,2023Q3,7,2023-07,West,California,San Diego,United States,Electronics,Laptops,Lenovo ThinkPad,2,404.18,808.36,66.14,0.081819981,149223,119502,84748.5
157926,7/7/2023,2023,2023Q3,7,2023-07,West,California,San Jose,United States,Electronics,Wearables,Fitbit Charge,1,795.01,795.01,88.11,0.110828795,115053.5,159093,84748.5
136873,29/8/2024,2024,2024Q3,8,2024-08,East,Connecticut,New Haven,United States,Home & Furniture,Furniture,Office Chair,1,61.16,61.16,19.71,0.322269457,106756.5,27444.5,28517.5
134507,30/12/2023,2023,2023Q4,12,2023-12,Centre,Ohio,Columbus,United States,Clothing & Apparel,Men's Wear,Levi's Jeans,1,111.88,111.88,34.72,0.310332499,126779,75897,137264
71364,1/11/2023,2023,2023Q4,11,2023-11,South,Florida,Tallahassee,United States,Home & Furniture,Home Decor,Throw Pillows,1,798.04,798.04,193.24,0.242143251,57366,177045.5,181033
123890,7/6/2023,2023,2023Q2,6,2023-06,East,Pennsylvania,Pittsburgh,United States,Home & Furniture,Home Decor,Vase,1,384.86,384.86,104.52,0.271579276,140752.5,33195.5,28517.5
87442,29/6/2024,2024,2024Q2,6,2024-06,Centre,Illinois,Aurora,United States,Electronics,Home Appliances,Instant Pot,1,874.95,874.95,121.63,0.139013658,9852,89694,137264
189052,8/10/2023,2023,2023Q4,10,2023-10,South,South Carolina,Columbia,United States,Clothing & Apparel,Footwear,Crocs,1,388.8,388.8,150.67,0.38752572,152219,170400.5,181033
174161,26/12/2024,2024,2024Q4,12,2024-12,South,Georgia,Atlanta,United States,Home & Furniture,Bedding,Tempur-Pedic Mattress,2,1074.12,2148.24,352.63,0.164148326,2762,181350.5,181033
147164,30/7/2024,2024,2024Q3,7,2024-07,West,California,Sacramento,United States,Electronics,Smartphones,Apple iPhone 14,2,1008.85,2017.7,173.25,0.085865094,25855.5,79817.5,84748.5
118765,13/4/2024,2024,2024Q2,4,2024-04,East,Connecticut,Hartford,United States,Clothing & Apparel,Sportswear,Nike Air Force 1,2,355.32,710.64,183.64,0.25841495,63037.5,30307.5,28517.5
159190,10/11/2023,2023,2023Q4,11,2023-11,West,Utah,Salt Lake City,United States,Home & Furniture,Furniture,Dining Table Set,1,325.43,325.43,99.44,0.305564945,155281.5,113773.5,84748.5
4190,20/10/2024,2024,2024Q4,10,2024-10,East,Delaware,Wilmington,United States,Home & Furniture,Storage,Storage Rack,1,262.62,262.62,39.07,0.148770086,41324,10174.5,28517.5
13067,10/11/2024,2024,2024Q4,11,2024-11,Centre,Illinois,Chicago,United States,Home & Furniture,Bedding,Brooklinen Sheets,3,483.82,1451.46,383.89,0.264485415,46501.5,61995.5,137264
199798,6/5/2023,2023,2023Q2,5,2023-05,Centre,Indiana,Fort Wayne,United States,Accessories,Bags,Backpack,4,193.75,775,195.66,0.252464516,172223,143071,137264
69039,9/10/2024,2024,2024Q4,10,2024-10,East,Massachusetts,Worcester,United States,Electronics,Home Appliances,Instant Pot,2,126.97,253.94,38.7,0.152398204,9852,44500,28517.5
65508,25/6/2023,2023,2023Q2,6,2023-06,South,Arkansas,Little Rock,United States,Clothing & Apparel,Footwear,Crocs,2,230.19,460.38,94.87,0.2060689,152219,191002.5,181033
20469,19/9/2024,2024,2024Q3,9,2024-09,West,Arizona,Chandler,United States,Home & Furniture,Storage,Storage Rack,3,815.79,2447.37,655.04,0.26765058,41324,121539,84748.5
49852,12/10/2023,2023,2023Q4,10,2023-10,Centre,Iowa,Des Moines,United States,Electronics,Wearables,Fitbit Charge,1,663.19,663.19,92.99,0.140216228,115053.5,123517.5,137264
46885,21/10/2024,2024,2024Q4,10,2024-10,West,California,San Jose,United States,Clothing & Apparel,Sportswear,Adidas Tracksuit,3,196.37,589.11,235.27,0.399365144,119089.5,159093,84748.5
177339,15/3/2023,2023,2023Q1,3,2023-03,South,Tennessee,Memphis,United States,Clothing & Apparel,Sportswear,Adidas Tracksuit,1,400.39,400.39,115.69,0.28894328,119089.5,195251,181033
60001,3/9/2024,2024,2024Q3,9,2024-09,West,Arizona,Mesa,United States,Home & Furniture,Kitchenware,Instant Pot,1,289,289,49.58,0.171557093,9852,155151.5,84748.5
67590,27/3/2023,2023,2023Q1,3,2023-03,West,Montana,Missoula,United States,Accessories,Small Electronics,Power Bank,3,130.86,392.58,83.86,0.213612512,188715.5,145012.5,84748.5
198521,12/11/2023,2023,2023Q4,11,2023-11,Centre,Kansas,Wichita,United States,Clothing & Apparel,Kids Wear,Children's Hoodie,1,145.08,145.08,39.44,0.271850014,131968.5,63929,137264
93430,17/1/2023,2023,2023Q1,1,2023-01,South,Florida,Tampa,United States,Home & Furniture,Home Decor,Throw Pillows,1,268.25,268.25,88.8,0.331034483,57366,188863,181033
156323,12/11/2024,2024,2024Q4,11,2024-11,South,Florida,Tallahassee,United States,Clothing & Apparel,Kids Wear,Carter's Onesie,3,106.01,318.03,105.01,0.330188976,90337,177045.5,181033
60686,30/10/2023,2023,2023Q4,10,2023-10,East,Maryland,Annapolis,United States,Electronics,TVs & Audio,Sony Bravia TV,2,909.13,1818.26,156.06,0.085829309,75436,38924.5,28517.5
55961,24/10/2023,2023,2023Q4,10,2023-10,West,Oregon,Salem,United States,Accessories,Wearable Accessories,Belt,1,114.69,114.69,37.93,0.330717587,195686.5,129446,84748.5
161639,8/11/2024,2024,2024Q4,11,2024-11,West,California,San Jose,United States,Home & Furniture,Bedding,Tempur-Pedic Mattress,1,1142.93,1142.93,264.51,0.231431496,2762,159093,84748.5
156958,7/10/2024,2024,2024Q4,10,2024-10,West,Nevada,Las Vegas,United States,Accessories,Bags,Wallet,1,160.09,160.09,55.04,0.343806609,182105,65950.5,84748.5
125750,10/2/2024,2024,2024Q1,2,2024-02,Centre,South Dakota,Rapid City,United States,Electronics,Home Appliances,Dyson Vacuum,2,231.35,462.7,72.01,0.155629998,147294.5,139167.5,137264
96289,19/7/2023,2023,2023Q3,7,2023-07,South,Alabama,Huntsville,United States,Accessories,Small Electronics,Phone Case,3,107.68,323.04,100.57,0.311323675,158639.5,186738.5,181033
188209,3/4/2023,2023,2023Q2,4,2023-04,Centre,Michigan,Grand Rapids,United States,Clothing & Apparel,Women's Wear,Zara Blouse,1,222.7,222.7,96.88,0.435024697,110934.5,115722,137264
39437,22/12/2023,2023,2023Q4,12,2023-12,West,Colorado,Denver,United States,Accessories,Wearable Accessories,Sunglasses,1,67.89,67.89,31.3,0.461039918,167173.5,99661.5,84748.5
29850,6/11/2023,2023,2023Q4,11,2023-11,Centre,Ohio,Cleveland,United States,Clothing & Apparel,Men's Wear,GAP Hoodie,1,20.28,20.28,9,0.443786982,162784,70073.5,137264
78308,22/5/2023,2023,2023Q2,5,2023-05,East,New Hampshire,Manchester,United States,Electronics,Wearables,Fitbit Charge,1,500.95,500.95,55.99,0.111767641,115053.5,4376.5,28517.5
107696,30/3/2023,2023,2023Q1,3,2023-03,West,Utah,Provo,United States,Electronics,Tablets,iPad Pro,4,279.43,1117.72,108.41,0.096992091,30384,95625,84748.5
62419,8/6/2024,2024,2024Q2,6,2024-06,South,Arkansas,Little Rock,United States,Electronics,Smartphones,Apple iPhone 14,1,1172.94,1172.94,233.73,0.199268505,25855.5,191002.5,181033
83228,8/6/2023,2023,2023Q2,6,2023-06,Centre,Minnesota,Minneapolis,United States,Clothing & Apparel,Footwear,Timberland Boots,1,357.7,357.7,91.51,0.255828907,185611.5,131405,137264
192729,11/11/2023,2023,2023Q4,11,2023-11,West,California,San Jose,United States,Accessories,Wearable Accessories,Sunglasses,1,165.37,165.37,55.1,0.333192236,167173.5,159093,84748.5
78563,27/2/2024,2024,2024Q1,2,2024-02,Centre,South Dakota,Sioux Falls,United States,Clothing & Apparel,Men's Wear,Levi's Jeans,2,378.71,757.42,163.72,0.216154841,126779,73980,137264
149500,24/11/2023,2023,2023Q4,11,2023-11,Centre,Wisconsin,Milwaukee,United States,Accessories,Small Electronics,Charging Cable,4,82.77,331.08,138.04,0.416938504,178054,93658,137264
155602,9/8/2024,2024,2024Q3,8,2024-08,East,Massachusetts,Worcester,United States,Electronics,Wearables,Apple Watch,3,301.42,904.26,178.11,0.196967686,21072,44500,28517.5
170548,4/4/2023,2023,2023Q2,4,2023-04,West,Washington,Seattle,United States,Clothing & Apparel,Kids Wear,Children's Hoodie,1,195.3,195.3,68.6,0.35125448,131968.5,105761,84748.5
96797,29/4/2024,2024,2024Q2,4,2024-04,Centre,Kansas,Wichita,United States,Accessories,Wearable Accessories,Watch Strap,3,231.37,694.11,319.42,0.460186426,192281.5,63929,137264
96424,26/11/2023,2023,2023Q4,11,2023-11,Centre,South Dakota,Sioux Falls,United States,Clothing & Apparel,Men's Wear,GAP Hoodie,3,128.15,384.45,120.7,0.313955001,162784,73980,137264
40552,14/3/2023,2023,2023Q1,3,2023-03,Centre,Michigan,Detroit,United States,Home & Furniture,Kitchenware,KitchenAid Mixer,1,846.22,846.22,276.9,0.327219872,35782.5,83945,137264
109058,29/12/2024,2024,2024Q4,12,2024-12,West,Colorado,Denver,United States,Accessories,Wearable Accessories,Belt,2,54.89,109.78,23.57,0.214702132,195686.5,99661.5,84748.5
26482,24/6/2023,2023,2023Q2,6,2023-06,Centre,Minnesota,St. Paul,United States,Clothing & Apparel,Women's Wear,Old Navy Dress,1,172.09,172.09,68.15,0.396013714,80407,117576.5,137264
76092,28/3/2024,2024,2024Q1,3,2024-03,West,Washington,Seattle,United States,Clothing & Apparel,Women's Wear,Zara Blouse,2,103.85,207.7,67.52,0.325084256,110934.5,105761,84748.5
106639,27/1/2024,2024,2024Q1,1,2024-01,South,Arkansas,Little Rock,United States,Clothing & Apparel,Sportswear,Adidas Tracksuit,3,227.72,683.16,238.25,0.348746999,119089.5,191002.5,181033
